Categoria,Keyword,Frequency
BT1,do,44
BT1,que,229
BT1,compostos,1
BT1,sistema,23
BT1,existem,1
BT1,memória,1
BT1,fraçõe,1
BT1,paíse,4
BT1,suriname,1
BT1,esportivo,1
BT1,seguinte,35
BT1,reservada,1
BT1,peculiare,1
BT1,predominante,2
BT1,símbolo,1
BT1,mapa,1
BT1,cite,117
BT1,alimentare,2
BT1,tipo,1
BT1,operações,5
BT1,restrições,1
BT1,princípio,10
BT1,recite,3
BT1,declare,18
BT1,para,41
BT1,diretrize,3
BT1,tempo,9
BT1,strike,1
BT1,sociedade,2
BT1,filme,2
BT1,começou,1
BT1,aconteceu,1
BT1,quando,3
BT1,foi,1
BT1,iten,2
BT1,líquido,1
BT1,pacote,6
BT1,determinar,1
BT1,pela,1
BT1,dê,13
BT1,breve,41
BT1,detalhe,26
BT1,estêncil,2
BT1,compare,7
BT1,recursos,10
BT1,nível,3
BT1,processo,5
BT1,explore,3
BT1,proteção,2
BT1,resumidamente,8
BT1,tubo,1
BT1,perspectiva,1
BT1,indique,1
BT1,compressore,1
BT1,pneumático,1
BT1,consumidor,3
BT1,banqueiro,1
BT1,cabeçote,1
BT1,liste,29
BT1,temporizador,3
BT1,sísmicas,1
BT1,pilha,3
BT1,levantamento,1
BT1,duralumínio,1
BT1,microcontrolador,2
BT1,diferente,74
BT1,algoritmo,1
BT1,control,1
BT1,acesso,2
BT1,com,34
BT1,fatore,7
BT1,sugestões,1
BT1,mecanismo,6
BT1,sob,2
BT1,estruturado,1
BT1,considerado,1
BT1,fabricação,5
BT1,produzido,1
BT1,exceção,2
BT1,vário,26
BT1,organização,2
BT1,funções,8
BT1,construção,9
BT1,boa,1
BT1,caso,3
BT1,classificado,2
BT1,durante,5
BT1,etileno,2
BT1,e,4
BT1,rede,21
BT1,testes,5
BT1,vantagen,14
BT1,isolante,3
BT1,fluido,1
BT1,paralelismo,2
BT1,objetivos,2
BT1,músculo,1
BT1,descreva,3
BT1,análise,5
BT1,ocorrem,2
BT1,bancos,3
BT1,lista,2
BT1,passo,2
BT1,custo,1
BT1,propriedade,10
BT1,suscetibilidade,1
BT1,mostrando,2
BT1,entende,6
BT1,derive,8
BT1,mostrado,1
BT1,gesto,1
BT1,térmicas,1
BT1,Escolha,1
BT1,la,1
BT1,protetore,1
BT1,onde,1
BT1,lineare,2
BT1,limpo,1
BT1,critério,4
BT1,medidor,5
BT1,melhorar,1
BT1,estado,2
BT1,proporçõe,1
BT1,associada,1
BT1,participante,3
BT1,design,3
BT1,aminoácido,2
BT1,falha,2
BT1,concreto,10
BT1,emitido,1
BT1,ponte,2
BT1,bloco,2
BT1,especificações,1
BT1,condutore,3
BT1,linha,2
BT1,efeito,2
BT1,equivalente,1
BT1,funciona,1
BT1,qualidade,1
BT1,plano,1
BT1,implementado,1
BT1,sobre,2
BT1,balanceado,1
BT1,transportador,1
BT1,transportadore,1
BT1,calcule,1
BT1,micro,1
BT1,esboce,2
BT1,codificadore,1
BT1,enuncie,3
BT1,vermelha,1
BT1,soldagem,7
BT1,saída,2
BT1,atitude,1
BT1,isoladore,2
BT1,fonte,2
BT1,motor,3
BT1,bloqueado,1
BT1,fórmula,1
BT1,parte,1
BT1,dela,2
BT1,requisito,5
BT1,atividade,2
BT1,fase,2
BT1,limpos,1
BT1,execução,1
BT1,exemplo,1
BT1,momento,4
BT1,solo,2
BT1,estaduais,1
BT1,abordagen,1
BT1,documento,1
BT1,vária,1
BT1,spray,1
BT1,simultaneamente,1
BT1,combustível,1
BT1,suportado,1
BT1,pelo,1
BT1,deve,1
BT1,objeto,2
BT1,coloidai,1
BT1,meio,1
BT1,publicidade,1
BT1,consultore,1
BT1,razões,1
BT1,ajuste,2
BT1,polímero,2
BT1,por,3
BT1,organizado,3
BT1,tratada,1
BT1,rotações,1
BT1,planta,1
BT1,missões,1
BT1,estrutura,2
BT1,representar,1
BT1,toda,1
BT1,agave,1
BT1,facilidade,1
BT1,expande,1
BT1,enfrentado,1
BT1,híbrido,2
BT1,favorecida,1
BT1,propano,1
BT1,como,1
BT1,filamento,1
BT1,permeabilidade,1
BT1,detectore,1
BT1,interface,4
BT1,digestivas,1
BT1,array,1
BT1,artificial,1
BT1,dent,1
BT1,inglaterra,1
BT1,pipeline,1
BT1,predicado,1
BT1,comando,1
BT1,trabalhadore,1
BT1,andaime,1
BT1,indústria,2
BT1,investigações,1
BT1,preliminare,1
BT1,aço,1
BT1,termopar,1
BT1,microprocessador,1
BT1,estatísticas,1
BT1,passos,3
BT1,regulador,2
BT1,Anote,3
BT1,consequência,1
BT1,definir,1
BT1,preço,1
BT1,ciclo,1
BT1,realizada,3
BT1,estruturai,1
BT1,capacitore,1
BT1,interrupçõe,1
BT1,efetivo,1
BT1,região,1
BT1,armadilha,1
BT1,registradore,2
BT1,filtro,2
BT1,capaze,1
BT1,forno,1
BT1,obtida,1
BT1,banco,1
BT1,diferença,1
BT1,part,5
BT1,contínuo,2
BT1,nota,1
BT1,dele,1
BT1,discutir,1
BT1,deslocador,1
BT1,garantir,1
BT1,estudo,1
BT1,nas,2
BT1,use,1
BT1,polimorfismo,3
BT1,menore,1
BT1,operando,1
BT1,relação,4
BT1,métrica,1
BT1,demérito,1
BT1,brevemente,2
BT1,usará,1
BT1,resistente,1
BT1,operadore,3
BT1,componente,1
BT1,lisp,1
BT1,incluindo,1
BT1,vértice,1
BT1,cabo,1
BT1,retificadore,1
BT1,ponto,1
BT1,lead,1
BT1,padronizado,1
BT1,executada,1
BT1,ambo,1
BT1,inconformidade,1
BT1,agulha,1
BT1,enumere,1
BT1,sensoriamento,1
BT1,parede,4
BT1,impulsionadore,1
BT1,implantado,1
BT1,linhas,1
BT1,amplificadore,1
BT1,elementos,1
BT1,dispositivos,1
BT1,desafio,1
BT1,classificação,1
BT1,agente,1
BT1,benzeno,1
BT1,simple,1
BT1,plantio,1
BT1,ingrediente,2
BT1,thread,1
BT1,shunt,1
BT1,desenhe,1
BT1,usado,2
BT1,trás,1
BT1,residuai,1
BT1,recrute,1
BT1,rotativo,1
BT1,microcontroladore,1
BT1,estágio,1
BT1,causa,1
BT1,identificado,1
BT1,organizaçõe,1
BT1,rastreadore,1
BT1,namespace,1
BT1,terra,2
BT1,mundo,1
BT1,multithreade,1
BT1,prove,1
BT1,fundido,1
BT1,atuais,1
BT1,teve,2
BT1,preparação,1
BT1,resolver,3
BT1,filósofo,1
BT1,ocasião,2
BT1,contribuinte,1
BT1,século,2
BT1,tabule,2
BT1,tabular,5
BT1,autore,1
BT1,diversa,2
BT1,quem,1
BT1,tenha,1
BT1,inventore,1
BT1,incluir,1
BT1,interna,1
BT1,contexto,1
BT1,recitar,1
BT1,atore,1
BT1,determinado,4
BT1,orelha,1
BT1,alunos,1
BT1,cidade,2
BT1,primária,1
BT1,encontrado,1
BT1,semana,1
BT1,realizar,3
BT1,gas,1
BT1,moderno,1
BT1,ataque,1
BT1,roteador,4
BT1,examine,18
BT1,recorrente,1
BT1,argumento,1
BT1,comunicação,2
BT1,protect,1
BT1,protendido,1
BT1,associe,1
BT1,jitter,1
BT1,bootstrappe,1
BT1,salt,1
BT1,semáforo,1
BT1,implementar,2
BT1,constante,1
BT1,causado,2
BT1,multithread,1
BT1,distribute,1
BT1,pendente,1
BT1,programação,2
BT1,endereço,1
BT1,volante,1
BT1,construções,1
BT1,declarações,1
BT1,switch,3
BT1,phase,1
BT1,síntese,1
BT1,l2,1
BT1,estabilização,1
BT1,direta,1
BT1,class,1
BT1,flexíveis,1
BT1,recontar,1
BT1,ponteiro,1
BT1,osciladore,1
BT1,handshake,1
BT1,simultânea,1
BT2,compare,103
BT2,use,2
BT2,complete,1
BT2,vai,1
BT2,primeira,1
BT2,brevemente,11
BT2,responsabilidade,1
BT2,determine,1
BT2,socialismo,1
BT2,que,112
BT2,do,63
BT2,relações,1
BT2,representa,1
BT2,esse,18
BT2,inibidore,3
BT2,sociedade,2
BT2,explique,2
BT2,frase,1
BT2,empregado,1
BT2,evitar,1
BT2,dizendo,1
BT2,seguinte,19
BT2,classificaria,1
BT2,celebrações,1
BT2,reconte,1
BT2,princípio,48
BT2,palavra,1
BT2,strike,1
BT2,onde,2
BT2,biblioteca,1
BT2,anteriore,1
BT2,manteve,1
BT2,l2,1
BT2,para,61
BT2,equação,1
BT2,determinar,3
BT2,fatore,6
BT2,descreva,4
BT2,escrever,2
BT2,claramente,1
BT2,cite,35
BT2,detalhe,16
BT2,imprecisa,1
BT2,diferente,56
BT2,nível,4
BT2,economia,3
BT2,está,2
BT2,decide,1
BT2,evento,2
BT2,vantagen,28
BT2,levam,1
BT2,afetam,1
BT2,efeitos,2
BT2,escreva,1
BT2,esforço,1
BT2,todo,1
BT2,ilustrar,2
BT2,retificador,2
BT2,região,3
BT2,descrita,1
BT2,feedback,1
BT2,dê,5
BT2,com,29
BT2,part,1
BT2,trata,1
BT2,recursos,10
BT2,diretore,4
BT2,funções,9
BT2,atraente,1
BT2,liste,9
BT2,emitido,2
BT2,construção,9
BT2,vário,12
BT2,razões,5
BT2,processo,2
BT2,regulador,1
BT2,organização,2
BT2,esquema,4
BT2,interaçõe,1
BT2,publicidade,3
BT2,banco,2
BT2,breve,24
BT2,flash,2
BT2,declare,10
BT2,interesse,1
BT2,indústria,5
BT2,caminho,1
BT2,discuta,1
BT2,como,11
BT2,ciclo,2
BT2,engajar,1
BT2,base,1
BT2,elucidação,1
BT2,pela,6
BT2,refere,2
BT2,reversa,1
BT2,filtro,2
BT2,lineare,1
BT2,tempo,11
BT2,corante,1
BT2,ambo,3
BT2,declarações,1
BT2,teto,1
BT2,representada,1
BT2,analisar,1
BT2,sistema,10
BT2,construído,1
BT2,bloqueado,1
BT2,conduzido,1
BT2,anote,1
BT2,estágio,5
BT2,montagem,1
BT2,shotgun,1
BT2,emergente,1
BT2,investidore,2
BT2,revista,2
BT2,e,8
BT2,casos,2
BT2,anunciante,1
BT2,osciloscópio,2
BT2,discutida,1
BT2,buscar,1
BT2,diagrama,1
BT2,decrescente,3
BT2,evitam,1
BT2,predominante,1
BT2,devido,4
BT2,açõe,1
BT2,retornar,1
BT2,negativo,1
BT2,objetivos,1
BT2,projeto,2
BT2,óleo,4
BT2,especifique,1
BT2,secundária,2
BT2,linguagen,5
BT2,predefinido,1
BT2,ensino,2
BT2,sob,1
BT2,excedem,1
BT2,ênfase,1
BT2,procedimento,1
BT2,prédio,1
BT2,deterioração,1
BT2,adsorção,2
BT2,sólida,1
BT2,bancos,1
BT2,incluir,5
BT2,superfície,3
BT2,nutriente,2
BT2,derive,3
BT2,pacote,1
BT2,concreto,4
BT2,razõe,1
BT2,desenhado,1
BT2,grande,1
BT2,paíse,4
BT2,propriedade,12
BT2,rigorosa,1
BT2,hipótese,1
BT2,subjacente,2
BT2,incorporação,1
BT2,lote,1
BT2,cerca,1
BT2,componente,3
BT2,atividade,4
BT2,país,1
BT2,incluído,1
BT2,consumidor,2
BT2,Cite,1
BT2,encontrada,1
BT2,isopreno,1
BT2,rotativo,1
BT2,métrica,1
BT2,paga,1
BT2,deve,2
BT2,melhorar,1
BT2,campo,3
BT2,relevante,5
BT2,papéis,1
BT2,importante,2
BT2,influente,1
BT2,organizaçõe,2
BT2,relacionado,2
BT2,estilo,3
BT2,aplicado,1
BT2,quimicamente,1
BT2,telhado,1
BT2,repintura,1
BT2,planejadore,1
BT2,eficaze,1
BT2,trace,2
BT2,elétron,1
BT2,requisito,4
BT2,estipulado,1
BT2,capciosa,1
BT2,repórtere,1
BT2,durante,7
BT2,pergunta,1
BT2,semicondutor,1
BT2,ined,1
BT2,pesquisa,1
BT2,mai,1
BT2,endereço,1
BT2,registradore,3
BT2,afetar,1
BT2,por,5
BT2,lead,1
BT2,sugerido,1
BT2,add,1
BT2,presente,1
BT2,modo,1
BT2,realizar,1
BT2,espontânea,1
BT2,fase,1
BT2,detectore,1
BT2,desafio,3
BT2,edifício,1
BT2,os,1
BT2,linhas,1
BT2,envolvido,1
BT2,formação,1
BT2,preço,3
BT2,exige,1
BT2,lucro,1
BT2,lista,2
BT2,andaime,1
BT2,indicadore,1
BT2,rotações,1
BT2,polietileno,1
BT2,ante,1
BT2,tratar,1
BT2,descobrir,2
BT2,acreditam,1
BT2,análise,2
BT2,foliar,1
BT2,balanço,1
BT2,subsolo,2
BT2,relação,4
BT2,simple,1
BT2,força,4
BT2,stre,1
BT2,sombra,1
BT2,bruto,1
BT2,dólare,1
BT2,dificuldade,2
BT2,tubulaçõe,1
BT2,remover,1
BT2,alcalinidade,1
BT2,sensoriamento,1
BT2,acontecem,2
BT2,custo,2
BT2,empresa,1
BT2,declaração,1
BT2,prever,2
BT2,tipo,1
BT2,feito,1
BT2,estrutura,4
BT2,resumidamente,2
BT2,testes,6
BT2,circunstância,1
BT2,critério,4
BT2,visit,1
BT2,medir,2
BT2,fertilizante,1
BT2,armadilha,1
BT2,ajustáveis,1
BT2,console,1
BT2,dobra,1
BT2,resolver,1
BT2,decorrente,1
BT2,recipiente,1
BT2,tenta,1
BT2,ponto,1
BT2,ajustam,1
BT2,positivo,1
BT2,significativamente,1
BT2,desse,1
BT2,mostrando,1
BT2,desenhe,2
BT2,comprimento,1
BT2,claro,1
BT2,solo,4
BT2,depositam,1
BT2,dividida,1
BT2,causado,1
BT2,planta,1
BT2,microcontrolador,1
BT2,biossíntese,1
BT2,mesocarpo,1
BT2,implicado,1
BT2,às,3
BT2,associada,1
BT2,isoladore,1
BT2,purificação,2
BT2,paralelismo,2
BT2,especificidade,1
BT2,oscilante,1
BT2,desenvolvimento,1
BT2,repetitivo,1
BT2,quente,1
BT2,onda,1
BT2,encontrado,1
BT2,try,1
BT2,modelos,1
BT2,utilizado,2
BT2,realizada,1
BT2,suscetível,1
BT2,design,2
BT2,informações,1
BT2,sobre,2
BT2,cmo,1
BT2,preniltransferase,1
BT2,diretriz,1
BT2,build,1
BT2,elabore,1
BT2,estabilização,1
BT2,interações,1
BT2,auditada,1
BT2,ambiente,1
BT2,motor,4
BT2,básico,1
BT2,introduzido,1
BT2,ilustraçõe,1
BT2,mundo,2
BT2,padrão,1
BT2,pesquisas,1
BT2,externa,1
BT2,deslizante,1
BT2,transcrição,1
BT2,documento,2
BT2,exemplo,1
BT2,angulare,1
BT2,fluxo,1
BT2,fluido,2
BT2,passo,1
BT2,dopado,1
BT2,ato,1
BT2,ocorrem,2
BT2,plano,1
BT2,à,1
BT2,século,1
BT2,segmento,1
BT2,flip,1
BT2,qualidade,2
BT2,rendimento,1
BT2,dos,2
BT2,dividido,1
BT2,controlar,1
BT2,mecanismo,3
BT2,desejáveis,1
BT2,resultado,4
BT2,contínuo,1
BT2,urbano,1
BT2,escreve,1
BT2,estudar,1
BT2,regulado,1
BT2,efetore,2
BT2,após,1
BT2,fonte,4
BT2,paciente,1
BT2,tratamento,1
BT2,crescimento,1
BT2,taxa,1
BT2,qual,2
BT2,falha,2
BT2,condutividade,1
BT2,produto,1
BT2,semente,1
BT2,desenvolvem,1
BT2,parede,1
BT2,dele,1
BT2,sítio,1
BT2,substrato,1
BT2,catálise,1
BT2,tornando,1
BT2,construções,1
BT2,bloco,1
BT2,reforço,1
BT2,seleção,2
BT2,figura,1
BT2,discutir,19
BT2,associações,16
BT2,parafraseie,8
BT2,azul,1
BT2,interprete,3
BT2,comunicado,1
BT2,apresentado,2
BT2,aprendizado,1
BT2,estudo,2
BT2,educação,1
BT2,liberalismo,1
BT2,simbolismo,1
BT2,surrealismo,1
BT2,dedutivos,1
BT2,campanha,1
BT2,através,1
BT2,pensa,1
BT2,contraste,1
BT2,cidade,2
BT2,contexto,2
BT2,ideia,1
BT2,personagem,1
BT2,capta,1
BT2,autor,1
BT2,declínio,1
BT2,filme,1
BT2,reconstruir,2
BT2,entende,1
BT2,proeminente,1
BT2,etapas,1
BT2,orientado,2
BT2,disponibilidade,1
BT2,avaliando,2
BT2,imagine,17
BT2,configurando,1
BT2,rede,22
BT2,preocupações,1
BT2,garantir,10
BT2,autenticidade,1
BT2,termodinâmicos,1
BT2,computação,1
BT2,coeficiente,1
BT2,proteção,1
BT2,serviço,2
BT2,usuário,1
BT2,dispositivos,3
BT2,ajuste,1
BT2,síntese,1
BT2,condensadore,1
BT2,sustentação,1
BT2,além,2
BT2,inteligente,1
BT2,suscetibilidade,2
BT2,projetando,3
BT2,existente,1
BT2,opções,1
BT2,cliente,1
BT2,tenha,1
BT2,plataforma,3
BT2,help,1
BT2,pipeline,1
BT2,reguladore,1
BT2,aplicaçõe,5
BT2,fort,1
BT2,esteja,5
BT2,unidade,1
BT2,tarefas,1
BT2,servidore,1
BT2,contenção,1
BT2,conjuntos,1
BT2,arquiteturas,1
BT2,funcionalidade,1
BT2,recompensa,1
BT2,relatório,1
BT2,prolongar,1
BT2,saída,1
BT2,consumidore,1
BT2,linha,1
BT2,agente,1
BT2,previsões,1
BT2,efeito,3
BT2,tubo,1
BT2,recomendações,1
BT2,detecção,2
BT2,canal,1
BT2,learn,1
BT2,escalabilidade,2
BT2,interpretabilidade,1
BT2,resistente,1
BT2,promover,1
BT2,ativo,1
BT2,gradiente,1
BT2,fibra,1
BT2,aumentar,1
BT2,compatibilidade,1
BT2,contêinere,1
BT2,sujeito,1
BT2,diagnosticar,1
BT2,modelo,1
BT2,interessada,1
BT2,desvantagen,1
BT2,usada,1
BT2,complexidade,1
BT2,compute,1
BT2,tensõe,2
BT2,abordagen,1
BT2,integridade,2
BT2,medição,1
BT2,regulare,1
BT2,avaliar,1
BT2,atualizando,1
BT2,cruzamento,1
BT2,permitir,1
BT2,overfitte,1
BT2,conservação,1
BT2,dado,1
BT2,solare,1
BT2,painel,1
BT2,melhoraria,1
BT2,atuadore,1
BT2,avaliações,1
BT2,automação,1
BT2,dente,1
BT2,instantânea,1
BT2,canais,1
BT2,desastre,2
BT3,direito,1
BT3,aplique,3
BT3,calcule,26
BT3,uniforme,4
BT3,parede,3
BT3,do,22
BT3,funcionar,1
BT3,ambiente,14
BT3,resultado,4
BT3,derive,8
BT3,que,58
BT3,imagen,1
BT3,usou,1
BT3,conjunto,2
BT3,torná,1
BT3,sistema,13
BT3,reforço,2
BT3,interaçõe,2
BT3,prepare,2
BT3,durante,4
BT3,incluir,1
BT3,relevante,1
BT3,ideia,1
BT3,eleição,1
BT3,esse,3
BT3,abordagen,1
BT3,use,41
BT3,seguinte,49
BT3,tire,1
BT3,ponto,9
BT3,esboce,6
BT3,eletrodo,1
BT3,para,82
BT3,ascendente,1
BT3,adolescente,1
BT3,instantânea,1
BT3,=,18
BT3,etapa,1
BT3,expressão,2
BT3,estado,2
BT3,funções,6
BT3,determinar,5
BT3,rede,32
BT3,diferente,25
BT3,folheações,1
BT3,especificações,3
BT3,agente,2
BT3,explicado,1
BT3,processo,2
BT3,luze,2
BT3,projete,8
BT3,mecanismo,6
BT3,benzeno,1
BT3,dope,1
BT3,com,16
BT3,veze,3
BT3,rotule,1
BT3,alto,1
BT3,resolva,7
BT3,sujeito,3
BT3,°,1
BT3,como,3
BT3,linha,5
BT3,pressõe,1
BT3,k=1/2,1
BT3,usando,6
BT3,terra,1
BT3,e,13
BT3,mostrado,29
BT3,figura,19
BT3,breve,6
BT3,detectore,1
BT3,ponte,2
BT3,nas,1
BT3,número,1
BT3,paíse,2
BT3,determine,69
BT3,especificamente,2
BT3,enrolado,1
BT3,polo,3
BT3,critério,9
BT3,aplicações,2
BT3,cite,4
BT3,rampa,1
BT3,propriedade,4
BT3,fabricação,1
BT3,superfície,3
BT3,m,4
BT3,deve,7
BT3,compare,21
BT3,balanço,3
BT3,deslocando,1
BT3,forma,1
BT3,velocidade,1
BT3,tensões,1
BT3,plano,2
BT3,metro,1
BT3,tabela,1
BT3,copo,1
BT3,integrador,3
BT3,kHz,1
BT3,tempo,11
BT3,dado,6
BT3,desenvolve,2
BT3,mecânicas,1
BT3,tangente,3
BT3,cruzam,1
BT3,quantidade,1
BT3,saída,3
BT3,preto,1
BT3,proporção,1
BT3,consistente,1
BT3,nível,3
BT3,operações,3
BT3,reta,4
BT3,encontram,3
BT3,traçar,1
BT3,venturímetro,1
BT3,respectivamente,1
BT3,condutore,3
BT3,lead,4
BT3,projeto,3
BT3,consiste,4
BT3,extremidade,3
BT3,inicialmente,1
BT3,dando,1
BT3,dopado,1
BT3,simultânea,2
BT3,unidade,1
BT3,multiplicador,2
BT3,declare,5
BT3,inteiro,1
BT3,onde,3
BT3,conectado,2
BT3,indicam,1
BT3,circuito,1
BT3,placas,2
BT3,quadrado,2
BT3,motor,2
BT3,determinado,3
BT3,tubo,5
BT3,apoiado,1
BT3,direção,2
BT3,pq,1
BT3,líquido,2
BT3,período,1
BT3,coeficiente,1
BT3,cuivert,1
BT3,examinadore,1
BT3,nota,1
BT3,minuto,1
BT3,flange,1
BT3,Obtenha,8
BT3,preocupações,1
BT3,propuseram,1
BT3,ação,1
BT3,lição,1
BT3,conduzido,1
BT3,drenada,1
BT3,mesmo,1
BT3,medidor,2
BT3,fornecido,1
BT3,analise,8
BT3,eixo,4
BT3,permitido,1
BT3,agregado,1
BT3,indutor,1
BT3,capacitor,1
BT3,fixado,1
BT3,ocorrendo,1
BT3,preço,5
BT3,descubra,1
BT3,produzirá,1
BT3,arredonde,1
BT3,isoladore,1
BT3,oscilaçõe,1
BT3,cilindro,2
BT3,dúzia,1
BT3,variedade,1
BT3,compressor,2
BT3,simple,2
BT3,transmitir,2
BT3,cosseno,2
BT3,sudo,1
BT3,ácido,1
BT3,sólido,1
BT3,seno,1
BT3,quanta,1
BT3,detalhe,3
BT3,campo,6
BT3,horizonte,1
BT3,shunt,2
BT3,expressões,5
BT3,parafuso,3
BT3,pelo,1
BT3,alunos,1
BT3,face,2
BT3,pacote,1
BT3,se,1
BT3,por,7
BT3,dê,16
BT3,liste,1
BT3,interprete,1
BT3,cubo,2
BT3,infixas,1
BT3,repentinamente,1
BT3,diferem,1
BT3,testes,2
BT3,push,1
BT3,pilha,1
BT3,declive,1
BT3,aumentando,1
BT3,país,1
BT3,aplicado,1
BT3,endereço,1
BT3,responsabilidade,1
BT3,representa,1
BT3,túnel,1
BT3,transferir,1
BT3,sendo,1
BT3,submetido,7
BT3,tensõe,2
BT3,tração,2
BT3,perpendiculare,3
BT3,feito,1
BT3,impulsor,1
BT3,vário,2
BT3,pinhão,1
BT3,enigma,1
BT3,carne,1
BT3,desenhe,1
BT3,resumidamente,1
BT3,resistividade,1
BT3,quando,3
BT3,isotermicamente,1
BT3,externa,1
BT3,detectar,2
BT3,corante,1
BT3,produto,1
BT3,toda,1
BT3,afetaria,1
BT3,explicar,1
BT3,parabolóide,1
BT3,zï€½ï€,1
BT3,grande,4
BT3,distribuída,1
BT3,pesos,1
BT3,método,3
BT3,canal,1
BT3,P2,3
BT3,tem,1
BT3,multithreade,1
BT3,viga,1
BT3,integrado,1
BT3,rendimento,1
BT3,comprimento,1
BT3,…,1
BT3,definição,1
BT3,discuta,1
BT3,teste,1
BT3,o,1
BT3,implementar,1
BT3,ele,2
BT3,foram,1
BT3,muro,1
BT3,flip,2
BT3,sob,2
BT3,trabalha,1
BT3,endireitador,1
BT3,todo,1
BT3,bit,1
BT3,soldagem,1
BT3,gasoduto,1
BT3,espécie,1
BT3,óleo,2
BT3,roda,2
BT3,execute,2
BT3,indústria,2
BT3,contenha,1
BT3,z2,1
BT3,rotativo,1
BT3,rotor,1
BT3,dividida,1
BT3,envolvido,2
BT3,caminho,2
BT3,bloco,2
BT3,lançada,1
BT3,POP,1
BT3,aceite,1
BT3,suporte,1
BT3,duplamente,1
BT3,soldado,1
BT3,mencione,1
BT3,mercado,4
BT3,filtro,1
BT3,terminado,1
BT3,independente,1
BT3,esquema,1
BT3,transformador,1
BT3,subdividido,1
BT3,fluido,1
BT3,leito,1
BT3,além,1
BT3,onda,1
BT3,protótipo,1
BT3,ohm,1
BT3,estrutura,2
BT3,molde,1
BT3,espécime,1
BT3,testado,1
BT3,falhou,1
BT3,solo,1
BT3,quartil,1
BT3,forno,2
BT3,isolante,1
BT3,sobre,1
BT3,classificar,2
BT3,fertilizante,3
BT3,operadore,1
BT3,sensoriamento,1
BT3,fatore,1
BT3,resolver,4
BT3,experimento,6
BT3,examine,15
BT3,carro,2
BT3,desse,1
BT3,princípio,29
BT3,operaçõe,1
BT3,objeto,4
BT3,propostas,1
BT3,conjuntos,2
BT3,discrepante,2
BT3,documento,2
BT3,reconstruir,2
BT3,problema,7
BT3,composto,1
BT3,atividade,1
BT3,consumidor,3
BT3,meiose,2
BT3,recursos,2
BT3,gás,1
BT3,evento,1
BT3,campanha,1
BT3,ângulo,2
BT3,anomalia,2
BT3,resposta,1
BT3,pesquisas,1
BT3,estudo,1
BT3,aumentar,4
BT3,demonstrar,1
BT3,mundo,2
BT3,eficaze,3
BT3,interações,1
BT3,faltante,1
BT3,rochosa,1
BT3,entender,2
BT3,prever,3
BT3,cálculo,1
BT3,publicidade,1
BT3,tema,1
BT3,filme,1
BT3,analisar,8
BT3,estresse,1
BT3,padrões,1
BT3,formação,1
BT3,desmatamento,1
BT3,interpretação,1
BT3,engenheiro,1
BT3,implantando,1
BT3,computação,1
BT3,criticamente,19
BT3,espectro,1
BT3,ciclo,1
BT3,identificar,1
BT3,incidente,1
BT3,imagine,15
BT3,supervisionando,2
BT3,suportar,1
BT3,estratégia,2
BT3,baseado,1
BT3,serviço,1
BT3,vulnerabilidade,2
BT3,remediar,1
BT3,build,1
BT3,configurando,2
BT3,desastre,3
BT3,preditivos,1
BT3,banco,1
BT3,mitigação,1
BT3,mecânicos,1
BT3,dispositivos,2
BT3,garantir,8
BT3,efluente,1
BT3,trabalhando,3
BT3,persistente,1
BT3,proteção,1
BT3,comunidade,2
BT3,confiável,1
BT3,inspeção,1
BT3,plataforma,7
BT3,recomendações,3
BT3,usuário,3
BT3,abordar,1
BT3,geração,1
BT3,missões,2
BT3,funcionalidade,1
BT3,blockchain,2
BT3,perigosa,1
BT3,configurações,1
BT3,tarefas,1
BT3,inteligente,1
BT3,escalabilidade,2
BT3,usado,1
BT3,solare,1
BT3,eletrônicos,1
BT3,fracke,1
BT3,planta,1
BT3,tubulaçõe,1
BT3,capaze,1
BT3,objetos,1
BT3,atualizando,1
BT3,phishe,1
BT3,automotore,1
BT3,avaliar,1
BT3,aeronave,1
BT3,projetando,1
BT3,ambiental,1
BT3,prolongar,1
BT3,infraestrutura,1
BT3,envelope,1
BT3,interna,1
BT3,stream,2
BT3,token,1
BT3,consulta,1
BT3,apropriada,1
BT3,link,2
BT3,minimizar,1
BT3,algoritmo,2
BT3,escala,2
BT3,caso,1
BT3,cidade,2
BT3,esteja,1
BT3,aconselhando,1
BT3,control,1
BT3,melhorar,1
BT3,posicionamento,1
BT3,protocolo,1
BT3,sniff,1
BT3,assistente,1
BT3,recorrente,1
BT3,promover,1
BT3,implant,1
BT3,trocadore,1
BT3,esporões,1
BT3,passarela,1
BT3,rota,1
BT3,minimizando,1
BT3,justiça,1
BT3,beamforme,1
BT3,reabilitação,1
BT3,fonte,1
BT3,resistente,1
BT4,recursos,33
BT4,e,19
BT4,que,31
BT4,durante,2
BT4,compare,247
BT4,diferente,100
BT4,onde,1
BT4,ambo,2
BT4,sustentem,1
BT4,com,15
BT4,do,35
BT4,passado,1
BT4,examine,5
BT4,esporte,1
BT4,às,1
BT4,sobre,2
BT4,oponente,2
BT4,polimiosite,1
BT4,hoje,1
BT4,século,1
BT4,seguinte,17
BT4,implementações,1
BT4,difere,3
BT4,como,11
BT4,diferem,1
BT4,atitude,1
BT4,gerais,1
BT4,relatório,2
BT4,diferenciar,2
BT4,funções,8
BT4,quociente,1
BT4,adolescente,1
BT4,fonte,1
BT4,toda,2
BT4,fort,1
BT4,expressões,2
BT4,determine,7
BT4,rum,1
BT4,gps,1
BT4,relação,1
BT4,adequadamente,1
BT4,analisar,1
BT4,significativo,1
BT4,eficazmente,1
BT4,privilégio,1
BT4,pelo,1
BT4,investigar,2
BT4,anormalidade,1
BT4,mai,1
BT4,diferencio,1
BT4,direção,1
BT4,dent,2
BT4,explicada,1
BT4,ipv6,1
BT4,derive,53
BT4,use,3
BT4,declare,4
BT4,prove,5
BT4,explicar,2
BT4,breve,1
BT4,centro,1
BT4,transmitir,2
BT4,espontaneidade,1
BT4,para,60
BT4,vantagen,5
BT4,compressore,1
BT4,analise,19
BT4,figura,13
BT4,tubo,5
BT4,realizada,2
BT4,afetará,2
BT4,capacidade,2
BT4,resultado,2
BT4,vária,2
BT4,listado,1
BT4,tamanho,1
BT4,fatore,5
BT4,linha,1
BT4,disponível,1
BT4,hierarquia,1
BT4,estampagem,1
BT4,parede,5
BT4,túnel,1
BT4,limbo,1
BT4,condutore,3
BT4,mostrado,9
BT4,capaze,1
BT4,testemunha,1
BT4,rio,1
BT4,orientado,1
BT4,ativo,4
BT4,uniforme,1
BT4,garantir,4
BT4,diretore,1
BT4,propriedade,3
BT4,diferencie,1
BT4,melt,1
BT4,diamante,1
BT4,obtenha,2
BT4,frequentemente,1
BT4,atividade,1
BT4,simple,1
BT4,roda,1
BT4,deduza,1
BT4,compressor,1
BT4,economia,1
BT4,cite,2
BT4,subsolo,1
BT4,construída,1
BT4,milihere,1
BT4,importações,1
BT4,isolante,1
BT4,transportadore,2
BT4,híbrido,1
BT4,simultaneamente,1
BT4,vário,3
BT4,armazém,1
BT4,conformidade,1
BT4,efetore,1
BT4,princípio,10
BT4,coordenada,1
BT4,realize,1
BT4,trace,1
BT4,ponto,1
BT4,forjamento,1
BT4,contêinere,4
BT4,contraste,1
BT4,resumidamente,3
BT4,escavado,1
BT4,sensor,1
BT4,fabricação,1
BT4,óleo,1
BT4,rede,32
BT4,escolha,1
BT4,predicado,2
BT4,fórmula,1
BT4,m,1
BT4,extremidade,1
BT4,sob,5
BT4,roteamento,1
BT4,molde,2
BT4,abaixo,1
BT4,sistema,12
BT4,exibido,1
BT4,processo,15
BT4,realizar,1
BT4,comprimento,1
BT4,criticamente,1
BT4,tratada,2
BT4,problema,2
BT4,serão,1
BT4,route,1
BT4,pensam,1
BT4,níveis,1
BT4,refere,1
BT4,indústria,2
BT4,proteção,7
BT4,nível,1
BT4,apropriado,2
BT4,ativismo,1
BT4,promoverem,1
BT4,arco,1
BT4,devido,3
BT4,esse,2
BT4,matriz,1
BT4,descobrir,1
BT4,papéis,1
BT4,paíse,1
BT4,elevadore,1
BT4,control,3
BT4,regulado,1
BT4,tempo,14
BT4,descobertas,1
BT4,alcaloide,1
BT4,motor,4
BT4,concreto,1
BT4,detalhe,3
BT4,tendo,1
BT4,mantêm,1
BT4,protegido,1
BT4,açõe,1
BT4,design,2
BT4,interrupçõe,2
BT4,deve,3
BT4,baseado,12
BT4,alternativo,1
BT4,detectar,1
BT4,procedimento,1
BT4,expressão,1
BT4,aços,1
BT4,catalisadore,1
BT4,mecanismo,4
BT4,estágio,1
BT4,método,1
BT4,combine,1
BT4,momento,2
BT4,lead,1
BT4,superfície,1
BT4,líquido,1
BT4,throw,1
BT4,explore,1
BT4,contínuo,1
BT4,execução,2
BT4,utilizada,1
BT4,bloco,1
BT4,thread,2
BT4,executado,1
BT4,multinível,1
BT4,win,1
BT4,razões,1
BT4,graficamente,1
BT4,catálise,1
BT4,produzido,1
BT4,ocorrem,1
BT4,geralmente,1
BT4,incluído,1
BT4,dê,1
BT4,superescalare,1
BT4,filtro,1
BT4,indicadore,6
BT4,microcontrolador,1
BT4,enrolamento,1
BT4,usado,1
BT4,inovação,1
BT4,ele,1
BT4,possível,1
BT4,protocolo,1
BT4,ensino,1
BT4,Obtenha,1
BT4,corante,1
BT4,após,1
BT4,sulcos,1
BT4,calcule,1
BT4,ï€«ï€ï,1
BT4,menore,1
BT4,categorize,23
BT4,consumidor,2
BT4,relevante,12
BT4,personalidade,1
BT4,documento,2
BT4,ciclo,4
BT4,decompor,7
BT4,infere,4
BT4,autor,2
BT4,ilustrar,1
BT4,testes,6
BT4,avaliar,1
BT4,país,1
BT4,entender,1
BT4,análise,9
BT4,desastre,2
BT4,cliente,3
BT4,poema,2
BT4,desigualdade,1
BT4,por,3
BT4,personagem,1
BT4,purificação,2
BT4,reconstruir,1
BT4,literária,1
BT4,site,1
BT4,refletida,1
BT4,padrões,2
BT4,dióxido,1
BT4,elementos,3
BT4,componente,2
BT4,conjunto,1
BT4,caso,1
BT4,complexo,6
BT4,departamento,2
BT4,estrutura,1
BT4,tarefas,6
BT4,subjacente,2
BT4,artísticos,1
BT4,etapas,1
BT4,constituinte,1
BT4,políticos,1
BT4,urbano,2
BT4,raíze,1
BT4,usuário,2
BT4,critério,2
BT4,agente,3
BT4,contexto,2
BT4,estudo,1
BT4,cognitivos,1
BT4,módulos,1
BT4,conservação,1
BT4,freio,4
BT4,preparação,1
BT4,dispositivos,2
BT4,discriminativo,1
BT4,aplicaçõe,3
BT4,ambiente,8
BT4,qualidade,2
BT4,dado,4
BT4,learn,2
BT4,interessada,1
BT4,regime,1
BT4,efeito,3
BT4,tubulaçõe,1
BT4,esquema,1
BT4,cidade,3
BT4,imunidade,1
BT4,remoção,1
BT4,detecção,4
BT4,lista,1
BT4,operações,1
BT4,ponte,2
BT4,requisito,2
BT4,polimorfismo,1
BT4,linguagen,1
BT4,antimalware,1
BT4,preço,2
BT4,projeto,6
BT4,melhoria,4
BT4,conversão,2
BT4,bacia,3
BT4,mitigação,2
BT4,solo,2
BT4,equalizadore,1
BT4,compensação,2
BT4,viese,1
BT4,melhorar,1
BT4,estruturai,1
BT4,em,2
BT4,aplicações,7
BT4,habilitar,1
BT4,estrada,1
BT4,torre,1
BT4,spray,1
BT4,infraestrutura,2
BT4,modelos,1
BT4,atuadore,1
BT4,complexos,3
BT4,foco,1
BT4,minimizar,1
BT4,boost,1
BT4,unidade,1
BT4,distribuição,3
BT4,falha,1
BT4,projetando,2
BT4,inspeção,1
BT4,semântico,1
BT4,deterioração,1
BT4,seguro,2
BT4,bancos,1
BT4,ambiental,1
BT4,mascaramento,1
BT4,moradore,2
BT4,grande,2
BT4,reforço,2
BT4,resistente,1
BT4,propensa,2
BT4,digitais,2
BT4,modificações,1
BT4,gerenciar,1
BT4,remotos,1
BT4,compostos,1
BT4,impacto,1
BT4,jardin,1
BT4,escoamento,2
BT4,fibra,2
BT4,celulose,1
BT4,lote,2
BT4,conjuntos,1
BT4,objetos,1
BT4,diversa,1
BT4,autocodificadore,1
BT4,visualização,1
BT4,lineare,1
BT4,ofensivo,1
BT4,relacionada,1
BT4,liberdade,1
BT4,utilização,1
BT4,arquitetura,1
BT4,modularidade,1
BT4,confiabilidade,1
BT4,estimativa,1
BT4,define,1
BT4,cenário,1
BT4,cluster,2
BT4,desenvolvedor,1
BT4,discrepante,1
BT4,paciente,1
BT4,garantia,1
BT4,trabalhando,1
BT4,baseada,3
BT4,ambientais,1
BT4,filtragem,1
BT4,readmissões,1
BT4,canais,1
BT4,reciclabilidade,1
BT4,soluções,1
BT4,identidade,1
BT4,acesso,1
BT4,eletricidade,1
BT4,suporte,1
BT4,poll,1
BT4,atualizações,1
BT4,comunidade,1
BT4,overfitte,1
BT4,considerando,1
BT4,escalabilidade,2
BT4,arquiteturas,1
BT4,plataforma,1
BT4,conteúdo,1
BT4,volume,1
BT4,crescente,1
BT4,imagen,1
BT4,passivo,1
BT6,diferente,5
BT6,desenvolver,11
BT6,para,54
BT6,ponto,2
BT6,elemento,1
BT6,ele,1
BT6,obra,1
BT6,que,25
BT6,dê,1
BT6,nome,1
BT6,planeje,1
BT6,campanha,7
BT6,diretrize,2
BT6,use,2
BT6,encene,1
BT6,ambiente,19
BT6,determinado,2
BT6,sistema,52
BT6,projeto,2
BT6,socialmente,1
BT6,falha,2
BT6,fornecida,1
BT6,às,1
BT6,quanta,1
BT6,problema,1
BT6,Integre,1
BT6,escolha,1
BT6,organize,1
BT6,prepare,1
BT6,capa,3
BT6,livro,1
BT6,revise,1
BT6,exibe,1
BT6,armazena,1
BT6,tenha,1
BT6,do,16
BT6,ideia,11
BT6,exiba,1
BT6,organizado,1
BT6,relatando,1
BT6,sobre,3
BT6,testes,4
BT6,vário,3
BT6,progressões,1
BT6,execute,1
BT6,rede,40
BT6,seguinte,1
BT6,imediato,1
BT6,organizaçõe,2
BT6,faculdade,1
BT6,atender,1
BT6,esse,1
BT6,reutilização,1
BT6,eluir,2
BT6,globo,1
BT6,comunidade,7
BT6,baseado,5
BT6,ultrapassar,1
BT6,ecologicamente,1
BT6,estrutura,17
BT6,consumidore,3
BT6,mercado,4
BT6,gerenciar,3
BT6,sugestões,1
BT6,recomendações,3
BT6,deve,1
BT6,influenciar,1
BT6,nível,2
BT6,preço,2
BT6,cite,1
BT6,ante,1
BT6,imagine,7
BT6,resistir,1
BT6,sob,1
BT6,concreto,2
BT6,ativo,1
BT6,derive,1
BT6,porta,2
BT6,crowd,1
BT6,localizado,1
BT6,esteja,1
BT6,devido,4
BT6,evento,1
BT6,além,1
BT6,relevante,3
BT6,conflito,1
BT6,telhado,1
BT6,rachadura,2
BT6,publicidade,1
BT6,projete,11
BT6,dimensões,1
BT6,auditore,1
BT6,control,4
BT6,garantir,20
BT6,possíveis,1
BT6,alternativo,1
BT6,universidade,1
BT6,açõe,1
BT6,ativismo,1
BT6,boletin,1
BT6,reter,1
BT6,contaminante,1
BT6,declare,1
BT6,brevemente,1
BT6,dissulfeto,1
BT6,esforço,1
BT6,empresa,1
BT6,enfrentado,1
BT6,por,2
BT6,etapa,15
BT6,protótipo,1
BT6,criar,1
BT6,purificar,1
BT6,diversa,3
BT6,estudo,5
BT6,modificaçõe,8
BT6,fonte,3
BT6,hipótese,8
BT6,carro,1
BT6,ar,1
BT6,tempo,22
BT6,plataforma,16
BT6,criativas,1
BT6,possível,12
BT6,construir,1
BT6,ajuste,7
BT6,recursos,13
BT6,cidade,7
BT6,análise,4
BT6,objeto,1
BT6,melhorar,8
BT6,experiência,1
BT6,viagen,1
BT6,constrói,4
BT6,oceano,2
BT6,blockchain,6
BT6,ponte,1
BT6,estruturalmente,1
BT6,fabricação,1
BT6,purificação,1
BT6,remota,7
BT6,linha,3
BT6,startup,2
BT6,biocombustível,1
BT6,aumentar,12
BT6,chat,1
BT6,interação,2
BT6,part,1
BT6,consumidor,2
BT6,combinado,15
BT6,entender,5
BT6,prever,7
BT6,amigáveis,1
BT6,cozinha,1
BT6,indicadore,1
BT6,país,1
BT6,fenômeno,1
BT6,usar,6
BT6,resultado,2
BT6,passado,1
BT6,eficaze,4
BT6,antigo,1
BT6,como,1
BT6,design,5
BT6,centrado,1
BT6,jardin,4
BT6,populare,1
BT6,propensa,5
BT6,avançado,1
BT6,mobilidade,1
BT6,indústria,1
BT6,critério,3
BT6,ciclo,1
BT6,interessada,1
BT6,integre,3
BT6,resiliente,2
BT6,científico,1
BT6,wireframe,1
BT6,reciclado,2
BT6,projetando,3
BT6,confidencialidade,1
BT6,método,19
BT6,missões,2
BT6,permitir,1
BT6,e,5
BT6,interna,6
BT6,automaticamente,9
BT6,algoritmo,4
BT6,avaliaçõe,1
BT6,ataque,4
BT6,implantada,1
BT6,especificamente,1
BT6,generalizado,1
BT6,maximizar,1
BT6,documento,2
BT6,entidade,1
BT6,preserve,2
BT6,organizações,1
BT6,dispositivos,3
BT6,preservando,2
BT6,considerando,1
BT6,desastre,10
BT6,usada,2
BT6,otimize,2
BT6,tarefas,3
BT6,viese,2
BT6,modelos,2
BT6,Planeje,5
BT6,funcionalidade,1
BT6,classificar,1
BT6,incidente,1
BT6,minimize,2
BT6,maximize,2
BT6,área,2
BT6,tolerante,1
BT6,urbana,2
BT6,automotivos,2
BT6,stream,2
BT6,eletricidade,3
BT6,vulnerável,1
BT6,requisito,3
BT6,esquema,2
BT6,resistente,2
BT6,induzido,1
BT6,planta,2
BT6,combine,3
BT6,otimizar,1
BT6,solo,2
BT6,túnel,2
BT6,existente,4
BT6,fase,1
BT6,mecanismo,9
BT6,acesso,1
BT6,sensore,3
BT6,melhore,1
BT6,passivo,1
BT6,filtragem,1
BT6,ilha,1
BT6,promover,4
BT6,patinete,1
BT6,linguagen,1
BT6,exploração,1
BT6,motor,2
BT6,edifício,1
BT6,phishe,1
BT6,imagen,2
BT6,perfeita,1
BT6,emergente,1
BT6,mmwave,1
BT6,escalabilidade,3
BT6,compradore,1
BT6,descrições,1
BT6,inspeção,4
BT6,identidade,2
BT6,preferência,4
BT6,utilize,3
BT6,contínuo,2
BT6,serviço,1
BT6,conta,1
BT6,leve,1
BT6,assistente,1
BT6,interaçõe,1
BT6,personalizado,4
BT6,adaptar,1
BT6,persistente,1
BT6,capacidade,1
BT6,satélite,1
BT6,carente,3
BT6,caso,3
BT6,aprendizado,1
BT6,treinado,1
BT6,alavancar,1
BT6,grande,2
BT6,token,1
BT6,implant,1
BT6,explorada,1
BT6,agilidade,1
BT6,rápido,2
BT6,inteligente,4
BT6,cibernéticas,1
BT6,anomalia,1
BT6,avaliar,1
BT6,descentralizado,1
BT6,proteção,1
BT6,supressão,1
BT6,carregar,1
BT6,vulneráveis,1
BT6,propriedade,1
BT6,quantificar,1
BT6,causado,1
BT6,abrangente,1
BT6,rastrear,1
BT6,toda,1
BT6,rastreabilidade,1
BT6,imutabilidade,1
BT6,automatizar,2
BT6,previsões,1
BT6,médicos,1
BT6,geofence,1
BT6,efeito,1
BT6,escalável,2
BT6,petabyte,1
BT6,centralize,2
BT6,bancos,1
BT6,usando,2
BT6,solare,1
BT6,ininterrupto,1
BT6,composiçõe,1
BT6,recorrente,1
BT6,manipuladore,1
BT6,reparo,1
BT6,relacionado,1
BT6,pública,1
BT6,postagen,1
BT6,estações,1
BT6,conjuntos,1
BT6,priorize,1
BT6,pedestre,1
BT6,objetos,1
BT6,eficiente,1
BT6,execução,1
BT6,exigente,1
BT6,escrita,1
BT6,usuário,1
BT6,dado,1
BT6,bioswale,1
BT6,incluindo,1
BT6,voto,1
BT6,equip,1
BT6,afetada,1
BT6,operações,1
BT6,computação,1
BT6,congestionamento,1
BT6,alimentare,1
BT6,meta,1
BT6,mesmo,1
BT6,validar,1
BT6,contêinere,1
BT6,velocidade,1
BT6,atualizações,1
BT6,atividade,1
BT5,examinar,2
BT5,determine,5
BT5,que,32
BT5,apoio,1
BT5,critério,14
BT5,entender,1
BT5,diferente,20
BT5,fort,3
BT5,atuais,1
BT5,princípio,3
BT5,para,32
BT5,Escolha,1
BT5,critique,43
BT5,ruim,2
BT5,escolha,2
BT5,do,33
BT5,nível,1
BT5,fonte,7
BT5,ambiente,9
BT5,político,1
BT5,relação,2
BT5,discutido,1
BT5,pela,2
BT5,feita,1
BT5,recomendações,2
BT5,considerando,4
BT5,vantagen,2
BT5,eficaze,1
BT5,seguinte,2
BT5,ordem,1
BT5,vário,2
BT5,recupere,1
BT5,use,1
BT5,discutir,1
BT5,avaliar,2
BT5,revise,1
BT5,consumidore,1
BT5,proibida,1
BT5,algun,1
BT5,paíse,2
BT5,mecanismo,3
BT5,mostrado,1
BT5,gerente,3
BT5,desse,1
BT5,dez,1
BT5,levará,1
BT5,contraparte,1
BT5,exemplo,3
BT5,aumentando,1
BT5,comparação,1
BT5,densidade,1
BT5,faz,1
BT5,trabalhadore,1
BT5,esteja,1
BT5,iguai,1
BT5,â€œa,1
BT5,deseconomias,1
BT5,significativo,1
BT5,corrimão,1
BT5,todo,1
BT5,fabricante,2
BT5,opiniõe,2
BT5,pertinente,1
BT5,resultado,1
BT5,perspectiva,1
BT5,por,7
BT5,identidade,2
BT5,prevalente,1
BT5,diferir,1
BT5,deve,2
BT5,prenhe,1
BT5,detém,1
BT5,concreto,2
BT5,ponto,3
BT5,prove,1
BT5,consiste,1
BT5,interessado,1
BT5,prever,1
BT5,extensivamente,1
BT5,padronizado,1
BT5,dispositivos,2
BT5,vivenciada,1
BT5,forem,1
BT5,desconto,1
BT5,investir,3
BT5,propriedade,1
BT5,aparente,1
BT5,devem,1
BT5,com,2
BT5,estudar,1
BT5,etapas,1
BT5,etapa,1
BT5,exercem,1
BT5,ativismo,1
BT5,errado,1
BT5,maiore,1
BT5,investimento,1
BT5,pedido,1
BT5,componente,1
BT5,repetições,1
BT5,abundante,1
BT5,promotore,1
BT5,superar,1
BT5,sistema,10
BT5,interrupções,1
BT5,estamos,1
BT5,skim,2
BT5,scan,2
BT5,fatore,3
BT5,opções,2
BT5,garantir,15
BT5,debate,5
BT5,campanha,5
BT5,compare,17
BT5,sociedade,1
BT5,ideia,5
BT5,hipótese,1
BT5,destino,2
BT5,essenciais,1
BT5,investidore,2
BT5,efeito,1
BT5,estratégia,3
BT5,tempo,3
BT5,projeto,3
BT5,restaurante,1
BT5,ocasião,1
BT5,cliente,3
BT5,exploração,4
BT5,promover,3
BT5,rede,19
BT5,linha,1
BT5,videogame,1
BT5,market,1
BT5,neutralidade,2
BT5,melhorar,2
BT5,comunidade,2
BT5,serviço,3
BT5,justiça,1
BT5,concorrente,1
BT5,campo,1
BT5,baseada,1
BT5,anedóticas,1
BT5,avaliações,3
BT5,interpretações,2
BT5,feminista,1
BT5,decide,4
BT5,negócio,1
BT5,plano,1
BT5,documento,1
BT5,reconstrução,1
BT5,governo,1
BT5,economia,1
BT5,divergente,3
BT5,contexto,1
BT5,evento,1
BT5,avaliação,2
BT5,recursos,5
BT5,existencialista,1
BT5,marca,1
BT5,sobre,1
BT5,automação,1
BT5,linguística,1
BT5,pessoais,1
BT5,durante,2
BT5,operações,3
BT5,publicidade,1
BT5,colaborativo,1
BT5,avaliando,16
BT5,restrições,2
BT5,melhoria,2
BT5,embarcaçõe,1
BT5,proteção,10
BT5,baseado,4
BT5,ia,2
BT5,construção,1
BT5,inteligente,4
BT5,diretrize,4
BT5,preocupações,2
BT5,liberdade,1
BT5,conjunto,1
BT5,ciclo,1
BT5,criticamente,7
BT5,plataforma,4
BT5,funções,2
BT5,mudança,1
BT5,mundo,2
BT5,híbrido,1
BT5,mesmo,2
BT5,mobilidade,1
BT5,mitigação,1
BT5,efeitos,2
BT5,ativo,1
BT5,proponha,1
BT5,desastre,3
BT5,jardin,1
BT5,bacia,1
BT5,blockchain,5
BT5,interoperabilidade,2
BT5,casos,2
BT5,escoamento,2
BT5,detecção,8
BT5,fraudulenta,1
BT5,espectro,1
BT5,relações,2
BT5,diversa,2
BT5,aplicações,2
BT5,urbano,1
BT5,cruzamento,1
BT5,fluxo,2
BT5,dos,1
BT5,manutenibilidade,1
BT5,complexidade,1
BT5,resfriamento,2
BT5,ataque,2
BT5,coeficiente,1
BT5,indicadore,2
BT5,interpretabilidade,1
BT5,stream,1
BT5,microtransações,1
BT5,jogadore,1
BT5,militare,1
BT5,pilare,2
BT5,propensa,1
BT5,cidade,1
BT5,crescente,1
BT5,revitalização,1
BT5,deterioração,1
BT5,treinado,1
BT5,conjuntos,1
BT5,eliminar,1
BT5,carente,1
BT5,análise,2
BT5,eletrônicos,1
BT5,rápido,1
BT5,orientado,1
BT5,permitir,1
BT5,prevenção,1
BT5,conversão,2
BT5,contratação,1
BT5,pacote,1
BT5,feed,1
BT5,humano,1
BT5,aumentar,1
BT5,aplicação,1
BT5,e,2
BT5,startup,1
BT5,explorando,1
BT5,cidadão,1
BT5,subscrição,1
BT5,preditivos,1
BT5,control,2
BT5,link,1
BT5,ininterrupta,1
BT5,remota,1
BT5,eficiente,1
BT5,grande,1
BT5,contratante,1
BT5,dado,1
BT5,modelos,1
BT5,inspeção,1
BT5,computação,1
BT5,precoce,1
BT5,comunicação,1
BT5,ponte,2
BT5,automotore,1
BT5,contínuo,1
BT5,soluções,1
BT5,agricultura,1
BT5,conteúdo,1
BT5,recomendação,1
BT5,estrutural,1
BT5,minimizar,1
BT5,incipiente,1
BT5,aeronave,1
BT5,metamorfoseada,1
BT5,ajuste,1
BT5,implantado,1
BT5,inovadore,1
BT5,consulta,1
BT5,site,1
BT5,permissões,1
BT5,requisito,1
BT5,pesquisadore,1
BT5,dispositivo,1
BT5,atingir,1
BT5,medição,1
BT5,tensão,1
BT5,testes,1
BT5,sob,1
